--
-- PostgreSQL database dump
--

\restrict dcYQUNSoHvJ6Z3iTXxgRFwm8rhTwyTMe1QhhnSG3q7hwdW3Xbfohe5YmOQOFDcZ

-- Dumped from database version 17.10
-- Dumped by pg_dump version 17.10

SET statement_timeout = 0;
SET lock_timeout = 0;
SET idle_in_transaction_session_timeout = 0;
SET transaction_timeout = 0;
SET client_encoding = 'UTF8';
SET standard_conforming_strings = on;
SELECT pg_catalog.set_config('search_path', '', false);
SET check_function_bodies = false;
SET xmloption = content;
SET client_min_messages = warning;
SET row_security = off;

SET default_tablespace = '';

SET default_table_access_method = heap;

--
-- Name: auth_group; Type: TABLE; Schema: public; Owner: -
--

CREATE TABLE public.auth_group (
    id integer NOT NULL,
    name character varying(150) NOT NULL
);


--
-- Name: auth_group_id_seq; Type: SEQUENCE; Schema: public; Owner: -
--

ALTER TABLE public.auth_group ALTER COLUMN id ADD GENERATED BY DEFAULT AS IDENTITY (
    SEQUENCE NAME public.auth_group_id_seq
    START WITH 1
    INCREMENT BY 1
    NO MINVALUE
    NO MAXVALUE
    CACHE 1
);


--
-- Name: auth_group_permissions; Type: TABLE; Schema: public; Owner: -
--

CREATE TABLE public.auth_group_permissions (
    id bigint NOT NULL,
    group_id integer NOT NULL,
    permission_id integer NOT NULL
);


--
-- Name: auth_group_permissions_id_seq; Type: SEQUENCE; Schema: public; Owner: -
--

ALTER TABLE public.auth_group_permissions ALTER COLUMN id ADD GENERATED BY DEFAULT AS IDENTITY (
    SEQUENCE NAME public.auth_group_permissions_id_seq
    START WITH 1
    INCREMENT BY 1
    NO MINVALUE
    NO MAXVALUE
    CACHE 1
);


--
-- Name: auth_permission; Type: TABLE; Schema: public; Owner: -
--

CREATE TABLE public.auth_permission (
    id integer NOT NULL,
    name character varying(255) NOT NULL,
    content_type_id integer NOT NULL,
    codename character varying(100) NOT NULL
);


--
-- Name: auth_permission_id_seq; Type: SEQUENCE; Schema: public; Owner: -
--

ALTER TABLE public.auth_permission ALTER COLUMN id ADD GENERATED BY DEFAULT AS IDENTITY (
    SEQUENCE NAME public.auth_permission_id_seq
    START WITH 1
    INCREMENT BY 1
    NO MINVALUE
    NO MAXVALUE
    CACHE 1
);


--
-- Name: auth_user; Type: TABLE; Schema: public; Owner: -
--

CREATE TABLE public.auth_user (
    id integer NOT NULL,
    password character varying(128) NOT NULL,
    last_login timestamp with time zone,
    is_superuser boolean NOT NULL,
    username character varying(150) NOT NULL,
    first_name character varying(150) NOT NULL,
    last_name character varying(150) NOT NULL,
    email character varying(254) NOT NULL,
    is_staff boolean NOT NULL,
    is_active boolean NOT NULL,
    date_joined timestamp with time zone NOT NULL
);


--
-- Name: auth_user_groups; Type: TABLE; Schema: public; Owner: -
--

CREATE TABLE public.auth_user_groups (
    id bigint NOT NULL,
    user_id integer NOT NULL,
    group_id integer NOT NULL
);


--
-- Name: auth_user_groups_id_seq; Type: SEQUENCE; Schema: public; Owner: -
--

ALTER TABLE public.auth_user_groups ALTER COLUMN id ADD GENERATED BY DEFAULT AS IDENTITY (
    SEQUENCE NAME public.auth_user_groups_id_seq
    START WITH 1
    INCREMENT BY 1
    NO MINVALUE
    NO MAXVALUE
    CACHE 1
);


--
-- Name: auth_user_id_seq; Type: SEQUENCE; Schema: public; Owner: -
--

ALTER TABLE public.auth_user ALTER COLUMN id ADD GENERATED BY DEFAULT AS IDENTITY (
    SEQUENCE NAME public.auth_user_id_seq
    START WITH 1
    INCREMENT BY 1
    NO MINVALUE
    NO MAXVALUE
    CACHE 1
);


--
-- Name: auth_user_user_permissions; Type: TABLE; Schema: public; Owner: -
--

CREATE TABLE public.auth_user_user_permissions (
    id bigint NOT NULL,
    user_id integer NOT NULL,
    permission_id integer NOT NULL
);


--
-- Name: auth_user_user_permissions_id_seq; Type: SEQUENCE; Schema: public; Owner: -
--

ALTER TABLE public.auth_user_user_permissions ALTER COLUMN id ADD GENERATED BY DEFAULT AS IDENTITY (
    SEQUENCE NAME public.auth_user_user_permissions_id_seq
    START WITH 1
    INCREMENT BY 1
    NO MINVALUE
    NO MAXVALUE
    CACHE 1
);


--
-- Name: django_admin_log; Type: TABLE; Schema: public; Owner: -
--

CREATE TABLE public.django_admin_log (
    id integer NOT NULL,
    action_time timestamp with time zone NOT NULL,
    object_id text,
    object_repr character varying(200) NOT NULL,
    action_flag smallint NOT NULL,
    change_message text NOT NULL,
    content_type_id integer,
    user_id integer NOT NULL,
    CONSTRAINT django_admin_log_action_flag_check CHECK ((action_flag >= 0))
);


--
-- Name: django_admin_log_id_seq; Type: SEQUENCE; Schema: public; Owner: -
--

ALTER TABLE public.django_admin_log ALTER COLUMN id ADD GENERATED BY DEFAULT AS IDENTITY (
    SEQUENCE NAME public.django_admin_log_id_seq
    START WITH 1
    INCREMENT BY 1
    NO MINVALUE
    NO MAXVALUE
    CACHE 1
);


--
-- Name: django_content_type; Type: TABLE; Schema: public; Owner: -
--

CREATE TABLE public.django_content_type (
    id integer NOT NULL,
    app_label character varying(100) NOT NULL,
    model character varying(100) NOT NULL
);


--
-- Name: django_content_type_id_seq; Type: SEQUENCE; Schema: public; Owner: -
--

ALTER TABLE public.django_content_type ALTER COLUMN id ADD GENERATED BY DEFAULT AS IDENTITY (
    SEQUENCE NAME public.django_content_type_id_seq
    START WITH 1
    INCREMENT BY 1
    NO MINVALUE
    NO MAXVALUE
    CACHE 1
);


--
-- Name: django_migrations; Type: TABLE; Schema: public; Owner: -
--

CREATE TABLE public.django_migrations (
    id bigint NOT NULL,
    app character varying(255) NOT NULL,
    name character varying(255) NOT NULL,
    applied timestamp with time zone NOT NULL
);


--
-- Name: django_migrations_id_seq; Type: SEQUENCE; Schema: public; Owner: -
--

ALTER TABLE public.django_migrations ALTER COLUMN id ADD GENERATED BY DEFAULT AS IDENTITY (
    SEQUENCE NAME public.django_migrations_id_seq
    START WITH 1
    INCREMENT BY 1
    NO MINVALUE
    NO MAXVALUE
    CACHE 1
);


--
-- Name: django_session; Type: TABLE; Schema: public; Owner: -
--

CREATE TABLE public.django_session (
    session_key character varying(40) NOT NULL,
    session_data text NOT NULL,
    expire_date timestamp with time zone NOT NULL
);


--
-- Name: order_customizationgroup; Type: TABLE; Schema: public; Owner: -
--

CREATE TABLE public.order_customizationgroup (
    id bigint NOT NULL,
    name character varying(100) NOT NULL,
    required boolean NOT NULL,
    max_choices integer NOT NULL,
    display_order integer NOT NULL,
    menu_item_id bigint NOT NULL,
    CONSTRAINT customization_group_max_choices_gte_1 CHECK ((max_choices >= 1)),
    CONSTRAINT order_customizationgroup_display_order_check CHECK ((display_order >= 0)),
    CONSTRAINT order_customizationgroup_max_choices_check CHECK ((max_choices >= 0))
);


--
-- Name: order_customizationgroup_id_seq; Type: SEQUENCE; Schema: public; Owner: -
--

ALTER TABLE public.order_customizationgroup ALTER COLUMN id ADD GENERATED BY DEFAULT AS IDENTITY (
    SEQUENCE NAME public.order_customizationgroup_id_seq
    START WITH 1
    INCREMENT BY 1
    NO MINVALUE
    NO MAXVALUE
    CACHE 1
);


--
-- Name: order_customizationoption; Type: TABLE; Schema: public; Owner: -
--

CREATE TABLE public.order_customizationoption (
    id bigint NOT NULL,
    name character varying(100) NOT NULL,
    extra_cost numeric(8,2) NOT NULL,
    active boolean NOT NULL,
    display_order integer NOT NULL,
    group_id bigint NOT NULL,
    CONSTRAINT customization_option_extra_cost_gte_0 CHECK ((extra_cost >= (0)::numeric)),
    CONSTRAINT order_customizationoption_display_order_check CHECK ((display_order >= 0))
);


--
-- Name: order_customizationoption_id_seq; Type: SEQUENCE; Schema: public; Owner: -
--

ALTER TABLE public.order_customizationoption ALTER COLUMN id ADD GENERATED BY DEFAULT AS IDENTITY (
    SEQUENCE NAME public.order_customizationoption_id_seq
    START WITH 1
    INCREMENT BY 1
    NO MINVALUE
    NO MAXVALUE
    CACHE 1
);


--
-- Name: order_location; Type: TABLE; Schema: public; Owner: -
--

CREATE TABLE public.order_location (
    id bigint NOT NULL,
    name character varying(100) NOT NULL,
    active boolean NOT NULL,
    display_order integer NOT NULL,
    CONSTRAINT order_location_display_order_check CHECK ((display_order >= 0))
);


--
-- Name: order_location_id_seq; Type: SEQUENCE; Schema: public; Owner: -
--

ALTER TABLE public.order_location ALTER COLUMN id ADD GENERATED BY DEFAULT AS IDENTITY (
    SEQUENCE NAME public.order_location_id_seq
    START WITH 1
    INCREMENT BY 1
    NO MINVALUE
    NO MAXVALUE
    CACHE 1
);


--
-- Name: order_menuitem; Type: TABLE; Schema: public; Owner: -
--

CREATE TABLE public.order_menuitem (
    id bigint NOT NULL,
    created_at timestamp with time zone NOT NULL,
    updated_at timestamp with time zone NOT NULL,
    title character varying(100) NOT NULL,
    price numeric(8,2) NOT NULL,
    slug character varying(100) NOT NULL,
    description text NOT NULL,
    image_url character varying(200) NOT NULL,
    active boolean NOT NULL,
    CONSTRAINT menu_item_price_gte_0 CHECK ((price >= (0)::numeric))
);


--
-- Name: order_menuitem_id_seq; Type: SEQUENCE; Schema: public; Owner: -
--

ALTER TABLE public.order_menuitem ALTER COLUMN id ADD GENERATED BY DEFAULT AS IDENTITY (
    SEQUENCE NAME public.order_menuitem_id_seq
    START WITH 1
    INCREMENT BY 1
    NO MINVALUE
    NO MAXVALUE
    CACHE 1
);


--
-- Name: order_notification; Type: TABLE; Schema: public; Owner: -
--

CREATE TABLE public.order_notification (
    id bigint NOT NULL,
    created_at timestamp with time zone NOT NULL,
    updated_at timestamp with time zone NOT NULL,
    kind character varying(50) NOT NULL,
    status character varying(20) NOT NULL,
    attempts integer NOT NULL,
    last_error text NOT NULL,
    sent_at timestamp with time zone,
    order_id uuid NOT NULL,
    CONSTRAINT order_notification_attempts_check CHECK ((attempts >= 0))
);


--
-- Name: order_notification_id_seq; Type: SEQUENCE; Schema: public; Owner: -
--

ALTER TABLE public.order_notification ALTER COLUMN id ADD GENERATED BY DEFAULT AS IDENTITY (
    SEQUENCE NAME public.order_notification_id_seq
    START WITH 1
    INCREMENT BY 1
    NO MINVALUE
    NO MAXVALUE
    CACHE 1
);


--
-- Name: order_order; Type: TABLE; Schema: public; Owner: -
--

CREATE TABLE public.order_order (
    created_at timestamp with time zone NOT NULL,
    updated_at timestamp with time zone NOT NULL,
    id uuid NOT NULL,
    customer_name character varying(100) NOT NULL,
    customer_email character varying(254) NOT NULL,
    location_name character varying(100) NOT NULL,
    currency character varying(3) NOT NULL,
    amount_total integer NOT NULL,
    payment_status character varying(20) NOT NULL,
    fulfillment_status character varying(20) NOT NULL,
    checkout_idempotency_key character varying(255) NOT NULL,
    checkout_fingerprint character varying(64) NOT NULL,
    stripe_payment_intent_id character varying(255),
    paid_at timestamp with time zone,
    location_id bigint,
    CONSTRAINT fulfilled_order_must_be_paid CHECK (((NOT ((fulfillment_status)::text = 'fulfilled'::text)) OR ((payment_status)::text = 'paid'::text))),
    CONSTRAINT order_order_amount_total_check CHECK ((amount_total >= 0)),
    CONSTRAINT order_total_gt_0 CHECK ((amount_total > 0))
);


--
-- Name: order_orderitem; Type: TABLE; Schema: public; Owner: -
--

CREATE TABLE public.order_orderitem (
    id bigint NOT NULL,
    title character varying(100) NOT NULL,
    unit_amount integer NOT NULL,
    quantity integer NOT NULL,
    menu_item_id bigint,
    order_id uuid NOT NULL,
    CONSTRAINT order_item_quantity_gte_1 CHECK ((quantity >= 1)),
    CONSTRAINT order_orderitem_quantity_check CHECK ((quantity >= 0)),
    CONSTRAINT order_orderitem_unit_amount_check CHECK ((unit_amount >= 0))
);


--
-- Name: order_orderitem_id_seq; Type: SEQUENCE; Schema: public; Owner: -
--

ALTER TABLE public.order_orderitem ALTER COLUMN id ADD GENERATED BY DEFAULT AS IDENTITY (
    SEQUENCE NAME public.order_orderitem_id_seq
    START WITH 1
    INCREMENT BY 1
    NO MINVALUE
    NO MAXVALUE
    CACHE 1
);


--
-- Name: order_orderitemcustomization; Type: TABLE; Schema: public; Owner: -
--

CREATE TABLE public.order_orderitemcustomization (
    id bigint NOT NULL,
    group_name character varying(100) NOT NULL,
    option_name character varying(100) NOT NULL,
    unit_amount integer NOT NULL,
    option_id bigint,
    order_item_id bigint NOT NULL,
    CONSTRAINT order_orderitemcustomization_unit_amount_check CHECK ((unit_amount >= 0))
);


--
-- Name: order_orderitemcustomization_id_seq; Type: SEQUENCE; Schema: public; Owner: -
--

ALTER TABLE public.order_orderitemcustomization ALTER COLUMN id ADD GENERATED BY DEFAULT AS IDENTITY (
    SEQUENCE NAME public.order_orderitemcustomization_id_seq
    START WITH 1
    INCREMENT BY 1
    NO MINVALUE
    NO MAXVALUE
    CACHE 1
);


--
-- Name: order_stripeevent; Type: TABLE; Schema: public; Owner: -
--

CREATE TABLE public.order_stripeevent (
    id bigint NOT NULL,
    event_id character varying(255) NOT NULL,
    event_type character varying(100) NOT NULL,
    processed_at timestamp with time zone NOT NULL
);


--
-- Name: order_stripeevent_id_seq; Type: SEQUENCE; Schema: public; Owner: -
--

ALTER TABLE public.order_stripeevent ALTER COLUMN id ADD GENERATED BY DEFAULT AS IDENTITY (
    SEQUENCE NAME public.order_stripeevent_id_seq
    START WITH 1
    INCREMENT BY 1
    NO MINVALUE
    NO MAXVALUE
    CACHE 1
);


--
-- Data for Name: auth_group; Type: TABLE DATA; Schema: public; Owner: -
--

COPY public.auth_group (id, name) FROM stdin;
\.


--
-- Data for Name: auth_group_permissions; Type: TABLE DATA; Schema: public; Owner: -
--

COPY public.auth_group_permissions (id, group_id, permission_id) FROM stdin;
\.


--
-- Data for Name: auth_permission; Type: TABLE DATA; Schema: public; Owner: -
--

COPY public.auth_permission (id, name, content_type_id, codename) FROM stdin;
1	Can add location	1	add_location
2	Can change location	1	change_location
3	Can delete location	1	delete_location
4	Can view location	1	view_location
5	Can add menu item	2	add_menuitem
6	Can change menu item	2	change_menuitem
7	Can delete menu item	2	delete_menuitem
8	Can view menu item	2	view_menuitem
9	Can add customization group	3	add_customizationgroup
10	Can change customization group	3	change_customizationgroup
11	Can delete customization group	3	delete_customizationgroup
12	Can view customization group	3	view_customizationgroup
13	Can add customization option	4	add_customizationoption
14	Can change customization option	4	change_customizationoption
15	Can delete customization option	4	delete_customizationoption
16	Can view customization option	4	view_customizationoption
17	Can add order	5	add_order
18	Can change order	5	change_order
19	Can delete order	5	delete_order
20	Can view order	5	view_order
21	Can add order item	6	add_orderitem
22	Can change order item	6	change_orderitem
23	Can delete order item	6	delete_orderitem
24	Can view order item	6	view_orderitem
25	Can add order item customization	7	add_orderitemcustomization
26	Can change order item customization	7	change_orderitemcustomization
27	Can delete order item customization	7	delete_orderitemcustomization
28	Can view order item customization	7	view_orderitemcustomization
29	Can add stripe event	8	add_stripeevent
30	Can change stripe event	8	change_stripeevent
31	Can delete stripe event	8	delete_stripeevent
32	Can view stripe event	8	view_stripeevent
33	Can add notification	9	add_notification
34	Can change notification	9	change_notification
35	Can delete notification	9	delete_notification
36	Can view notification	9	view_notification
37	Can add log entry	10	add_logentry
38	Can change log entry	10	change_logentry
39	Can delete log entry	10	delete_logentry
40	Can view log entry	10	view_logentry
41	Can add permission	11	add_permission
42	Can change permission	11	change_permission
43	Can delete permission	11	delete_permission
44	Can view permission	11	view_permission
45	Can add group	12	add_group
46	Can change group	12	change_group
47	Can delete group	12	delete_group
48	Can view group	12	view_group
49	Can add user	13	add_user
50	Can change user	13	change_user
51	Can delete user	13	delete_user
52	Can view user	13	view_user
53	Can add content type	14	add_contenttype
54	Can change content type	14	change_contenttype
55	Can delete content type	14	delete_contenttype
56	Can view content type	14	view_contenttype
57	Can add session	15	add_session
58	Can change session	15	change_session
59	Can delete session	15	delete_session
60	Can view session	15	view_session
\.


--
-- Data for Name: auth_user; Type: TABLE DATA; Schema: public; Owner: -
--

COPY public.auth_user (id, password, last_login, is_superuser, username, first_name, last_name, email, is_staff, is_active, date_joined) FROM stdin;
1	pbkdf2_sha256$1000000$SJxbPNv133dqEjVTHAChRe$9Pfu6TROjFP5+csqoeZiidiJmGG6h+ti8IESDZ/UO9c=	2026-07-03 12:01:20.007012+00	t	anandbala				t	t	2026-07-03 12:01:11.500941+00
\.


--
-- Data for Name: auth_user_groups; Type: TABLE DATA; Schema: public; Owner: -
--

COPY public.auth_user_groups (id, user_id, group_id) FROM stdin;
\.


--
-- Data for Name: auth_user_user_permissions; Type: TABLE DATA; Schema: public; Owner: -
--

COPY public.auth_user_user_permissions (id, user_id, permission_id) FROM stdin;
\.


--
-- Data for Name: django_admin_log; Type: TABLE DATA; Schema: public; Owner: -
--

COPY public.django_admin_log (id, action_time, object_id, object_repr, action_flag, change_message, content_type_id, user_id) FROM stdin;
\.


--
-- Data for Name: django_content_type; Type: TABLE DATA; Schema: public; Owner: -
--

COPY public.django_content_type (id, app_label, model) FROM stdin;
1	order	location
2	order	menuitem
3	order	customizationgroup
4	order	customizationoption
5	order	order
6	order	orderitem
7	order	orderitemcustomization
8	order	stripeevent
9	order	notification
10	admin	logentry
11	auth	permission
12	auth	group
13	auth	user
14	contenttypes	contenttype
15	sessions	session
\.


--
-- Data for Name: django_migrations; Type: TABLE DATA; Schema: public; Owner: -
--

COPY public.django_migrations (id, app, name, applied) FROM stdin;
1	contenttypes	0001_initial	2026-07-03 11:47:17.100272+00
2	auth	0001_initial	2026-07-03 11:47:17.122802+00
3	admin	0001_initial	2026-07-03 11:47:17.128798+00
4	admin	0002_logentry_remove_auto_add	2026-07-03 11:47:17.130847+00
5	admin	0003_logentry_add_action_flag_choices	2026-07-03 11:47:17.132771+00
6	contenttypes	0002_remove_content_type_name	2026-07-03 11:47:17.137093+00
7	auth	0002_alter_permission_name_max_length	2026-07-03 11:47:17.139822+00
8	auth	0003_alter_user_email_max_length	2026-07-03 11:47:17.142534+00
9	auth	0004_alter_user_username_opts	2026-07-03 11:47:17.144585+00
10	auth	0005_alter_user_last_login_null	2026-07-03 11:47:17.146904+00
11	auth	0006_require_contenttypes_0002	2026-07-03 11:47:17.147467+00
12	auth	0007_alter_validators_add_error_messages	2026-07-03 11:47:17.149462+00
13	auth	0008_alter_user_username_max_length	2026-07-03 11:47:17.152705+00
14	auth	0009_alter_user_last_name_max_length	2026-07-03 11:47:17.15576+00
15	auth	0010_alter_group_name_max_length	2026-07-03 11:47:17.159211+00
16	auth	0011_update_proxy_permissions	2026-07-03 11:47:17.161151+00
17	auth	0012_alter_user_first_name_max_length	2026-07-03 11:47:17.166113+00
18	order	0001_initial	2026-07-03 11:47:17.208952+00
19	sessions	0001_initial	2026-07-03 11:47:17.211625+00
\.


--
-- Data for Name: django_session; Type: TABLE DATA; Schema: public; Owner: -
--

COPY public.django_session (session_key, session_data, expire_date) FROM stdin;
jw5hhuun22ndolahoug1bcc4syjwfcrj	.eJxVjE0OwiAYBe_C2hBAKdSl-56BfH9I1dCktCvj3W2TLnT7Zua9VYJ1KWltMqeR1VVZdfrdEOgpdQf8gHqfNE11mUfUu6IP2vQwsbxuh_t3UKCVrZbYZSZig8G7PttobLhgiAyGHXgJ2WfnOgGMFnoklyVuCciZ0LA16vMFBEE47Q:1wfhbZ:T3fCN3xJA5z2TTfNlcVnJtDr0VM2o01QvIphYagxhfo	2026-07-04 01:23:09.760769+00
\.


--
-- Data for Name: order_customizationgroup; Type: TABLE DATA; Schema: public; Owner: -
--

COPY public.order_customizationgroup (id, name, required, max_choices, display_order, menu_item_id) FROM stdin;
1	Sugar	t	1	0	1
\.


--
-- Data for Name: order_customizationoption; Type: TABLE DATA; Schema: public; Owner: -
--

COPY public.order_customizationoption (id, name, extra_cost, active, display_order, group_id) FROM stdin;
1	0%	0.00	t	1	1
2	50%	0.00	t	2	1
3	100%	0.00	t	3	1
\.


--
-- Data for Name: order_location; Type: TABLE DATA; Schema: public; Owner: -
--

COPY public.order_location (id, name, active, display_order) FROM stdin;
1	Hall 4	t	1
2	Hall 10/11	t	2
3	North Hill	t	3
\.


--
-- Data for Name: order_menuitem; Type: TABLE DATA; Schema: public; Owner: -
--

COPY public.order_menuitem (id, created_at, updated_at, title, price, slug, description, image_url, active) FROM stdin;
1	2026-07-03 11:48:17.21411+00	2026-07-03 11:48:17.214118+00	Classic Milk Tea	4.50	classic-milk-tea	Freshly brewed milk tea.		t
\.


--
-- Data for Name: order_notification; Type: TABLE DATA; Schema: public; Owner: -
--

COPY public.order_notification (id, created_at, updated_at, kind, status, attempts, last_error, sent_at, order_id) FROM stdin;
\.


--
-- Data for Name: order_order; Type: TABLE DATA; Schema: public; Owner: -
--

COPY public.order_order (created_at, updated_at, id, customer_name, customer_email, location_name, currency, amount_total, payment_status, fulfillment_status, checkout_idempotency_key, checkout_fingerprint, stripe_payment_intent_id, paid_at, location_id) FROM stdin;
\.


--
-- Data for Name: order_orderitem; Type: TABLE DATA; Schema: public; Owner: -
--

COPY public.order_orderitem (id, title, unit_amount, quantity, menu_item_id, order_id) FROM stdin;
\.


--
-- Data for Name: order_orderitemcustomization; Type: TABLE DATA; Schema: public; Owner: -
--

COPY public.order_orderitemcustomization (id, group_name, option_name, unit_amount, option_id, order_item_id) FROM stdin;
\.


--
-- Data for Name: order_stripeevent; Type: TABLE DATA; Schema: public; Owner: -
--

COPY public.order_stripeevent (id, event_id, event_type, processed_at) FROM stdin;
\.


--
-- Name: auth_group_id_seq; Type: SEQUENCE SET; Schema: public; Owner: -
--

SELECT pg_catalog.setval('public.auth_group_id_seq', 1, false);


--
-- Name: auth_group_permissions_id_seq; Type: SEQUENCE SET; Schema: public; Owner: -
--

SELECT pg_catalog.setval('public.auth_group_permissions_id_seq', 1, false);


--
-- Name: auth_permission_id_seq; Type: SEQUENCE SET; Schema: public; Owner: -
--

SELECT pg_catalog.setval('public.auth_permission_id_seq', 60, true);


--
-- Name: auth_user_groups_id_seq; Type: SEQUENCE SET; Schema: public; Owner: -
--

SELECT pg_catalog.setval('public.auth_user_groups_id_seq', 1, false);


--
-- Name: auth_user_id_seq; Type: SEQUENCE SET; Schema: public; Owner: -
--

SELECT pg_catalog.setval('public.auth_user_id_seq', 1, true);


--
-- Name: auth_user_user_permissions_id_seq; Type: SEQUENCE SET; Schema: public; Owner: -
--

SELECT pg_catalog.setval('public.auth_user_user_permissions_id_seq', 1, false);


--
-- Name: django_admin_log_id_seq; Type: SEQUENCE SET; Schema: public; Owner: -
--

SELECT pg_catalog.setval('public.django_admin_log_id_seq', 1, false);


--
-- Name: django_content_type_id_seq; Type: SEQUENCE SET; Schema: public; Owner: -
--

SELECT pg_catalog.setval('public.django_content_type_id_seq', 15, true);


--
-- Name: django_migrations_id_seq; Type: SEQUENCE SET; Schema: public; Owner: -
--

SELECT pg_catalog.setval('public.django_migrations_id_seq', 19, true);


--
-- Name: order_customizationgroup_id_seq; Type: SEQUENCE SET; Schema: public; Owner: -
--

SELECT pg_catalog.setval('public.order_customizationgroup_id_seq', 1, true);


--
-- Name: order_customizationoption_id_seq; Type: SEQUENCE SET; Schema: public; Owner: -
--

SELECT pg_catalog.setval('public.order_customizationoption_id_seq', 3, true);


--
-- Name: order_location_id_seq; Type: SEQUENCE SET; Schema: public; Owner: -
--

SELECT pg_catalog.setval('public.order_location_id_seq', 3, true);


--
-- Name: order_menuitem_id_seq; Type: SEQUENCE SET; Schema: public; Owner: -
--

SELECT pg_catalog.setval('public.order_menuitem_id_seq', 1, true);


--
-- Name: order_notification_id_seq; Type: SEQUENCE SET; Schema: public; Owner: -
--

SELECT pg_catalog.setval('public.order_notification_id_seq', 1, false);


--
-- Name: order_orderitem_id_seq; Type: SEQUENCE SET; Schema: public; Owner: -
--

SELECT pg_catalog.setval('public.order_orderitem_id_seq', 1, false);


--
-- Name: order_orderitemcustomization_id_seq; Type: SEQUENCE SET; Schema: public; Owner: -
--

SELECT pg_catalog.setval('public.order_orderitemcustomization_id_seq', 1, false);


--
-- Name: order_stripeevent_id_seq; Type: SEQUENCE SET; Schema: public; Owner: -
--

SELECT pg_catalog.setval('public.order_stripeevent_id_seq', 1, false);


--
-- Name: auth_group auth_group_name_key; Type: CONSTRAINT; Schema: public; Owner: -
--

ALTER TABLE ONLY public.auth_group
    ADD CONSTRAINT auth_group_name_key UNIQUE (name);


--
-- Name: auth_group_permissions auth_group_permissions_group_id_permission_id_0cd325b0_uniq; Type: CONSTRAINT; Schema: public; Owner: -
--

ALTER TABLE ONLY public.auth_group_permissions
    ADD CONSTRAINT auth_group_permissions_group_id_permission_id_0cd325b0_uniq UNIQUE (group_id, permission_id);


--
-- Name: auth_group_permissions auth_group_permissions_pkey; Type: CONSTRAINT; Schema: public; Owner: -
--

ALTER TABLE ONLY public.auth_group_permissions
    ADD CONSTRAINT auth_group_permissions_pkey PRIMARY KEY (id);


--
-- Name: auth_group auth_group_pkey; Type: CONSTRAINT; Schema: public; Owner: -
--

ALTER TABLE ONLY public.auth_group
    ADD CONSTRAINT auth_group_pkey PRIMARY KEY (id);


--
-- Name: auth_permission auth_permission_content_type_id_codename_01ab375a_uniq; Type: CONSTRAINT; Schema: public; Owner: -
--

ALTER TABLE ONLY public.auth_permission
    ADD CONSTRAINT auth_permission_content_type_id_codename_01ab375a_uniq UNIQUE (content_type_id, codename);


--
-- Name: auth_permission auth_permission_pkey; Type: CONSTRAINT; Schema: public; Owner: -
--

ALTER TABLE ONLY public.auth_permission
    ADD CONSTRAINT auth_permission_pkey PRIMARY KEY (id);


--
-- Name: auth_user_groups auth_user_groups_pkey; Type: CONSTRAINT; Schema: public; Owner: -
--

ALTER TABLE ONLY public.auth_user_groups
    ADD CONSTRAINT auth_user_groups_pkey PRIMARY KEY (id);


--
-- Name: auth_user_groups auth_user_groups_user_id_group_id_94350c0c_uniq; Type: CONSTRAINT; Schema: public; Owner: -
--

ALTER TABLE ONLY public.auth_user_groups
    ADD CONSTRAINT auth_user_groups_user_id_group_id_94350c0c_uniq UNIQUE (user_id, group_id);


--
-- Name: auth_user auth_user_pkey; Type: CONSTRAINT; Schema: public; Owner: -
--

ALTER TABLE ONLY public.auth_user
    ADD CONSTRAINT auth_user_pkey PRIMARY KEY (id);


--
-- Name: auth_user_user_permissions auth_user_user_permissions_pkey; Type: CONSTRAINT; Schema: public; Owner: -
--

ALTER TABLE ONLY public.auth_user_user_permissions
    ADD CONSTRAINT auth_user_user_permissions_pkey PRIMARY KEY (id);


--
-- Name: auth_user_user_permissions auth_user_user_permissions_user_id_permission_id_14a6b632_uniq; Type: CONSTRAINT; Schema: public; Owner: -
--

ALTER TABLE ONLY public.auth_user_user_permissions
    ADD CONSTRAINT auth_user_user_permissions_user_id_permission_id_14a6b632_uniq UNIQUE (user_id, permission_id);


--
-- Name: auth_user auth_user_username_key; Type: CONSTRAINT; Schema: public; Owner: -
--

ALTER TABLE ONLY public.auth_user
    ADD CONSTRAINT auth_user_username_key UNIQUE (username);


--
-- Name: django_admin_log django_admin_log_pkey; Type: CONSTRAINT; Schema: public; Owner: -
--

ALTER TABLE ONLY public.django_admin_log
    ADD CONSTRAINT django_admin_log_pkey PRIMARY KEY (id);


--
-- Name: django_content_type django_content_type_app_label_model_76bd3d3b_uniq; Type: CONSTRAINT; Schema: public; Owner: -
--

ALTER TABLE ONLY public.django_content_type
    ADD CONSTRAINT django_content_type_app_label_model_76bd3d3b_uniq UNIQUE (app_label, model);


--
-- Name: django_content_type django_content_type_pkey; Type: CONSTRAINT; Schema: public; Owner: -
--

ALTER TABLE ONLY public.django_content_type
    ADD CONSTRAINT django_content_type_pkey PRIMARY KEY (id);


--
-- Name: django_migrations django_migrations_pkey; Type: CONSTRAINT; Schema: public; Owner: -
--

ALTER TABLE ONLY public.django_migrations
    ADD CONSTRAINT django_migrations_pkey PRIMARY KEY (id);


--
-- Name: django_session django_session_pkey; Type: CONSTRAINT; Schema: public; Owner: -
--

ALTER TABLE ONLY public.django_session
    ADD CONSTRAINT django_session_pkey PRIMARY KEY (session_key);


--
-- Name: order_customizationgroup order_customizationgroup_pkey; Type: CONSTRAINT; Schema: public; Owner: -
--

ALTER TABLE ONLY public.order_customizationgroup
    ADD CONSTRAINT order_customizationgroup_pkey PRIMARY KEY (id);


--
-- Name: order_customizationoption order_customizationoption_pkey; Type: CONSTRAINT; Schema: public; Owner: -
--

ALTER TABLE ONLY public.order_customizationoption
    ADD CONSTRAINT order_customizationoption_pkey PRIMARY KEY (id);


--
-- Name: order_location order_location_name_key; Type: CONSTRAINT; Schema: public; Owner: -
--

ALTER TABLE ONLY public.order_location
    ADD CONSTRAINT order_location_name_key UNIQUE (name);


--
-- Name: order_location order_location_pkey; Type: CONSTRAINT; Schema: public; Owner: -
--

ALTER TABLE ONLY public.order_location
    ADD CONSTRAINT order_location_pkey PRIMARY KEY (id);


--
-- Name: order_menuitem order_menuitem_pkey; Type: CONSTRAINT; Schema: public; Owner: -
--

ALTER TABLE ONLY public.order_menuitem
    ADD CONSTRAINT order_menuitem_pkey PRIMARY KEY (id);


--
-- Name: order_menuitem order_menuitem_slug_key; Type: CONSTRAINT; Schema: public; Owner: -
--

ALTER TABLE ONLY public.order_menuitem
    ADD CONSTRAINT order_menuitem_slug_key UNIQUE (slug);


--
-- Name: order_notification order_notification_pkey; Type: CONSTRAINT; Schema: public; Owner: -
--

ALTER TABLE ONLY public.order_notification
    ADD CONSTRAINT order_notification_pkey PRIMARY KEY (id);


--
-- Name: order_order order_order_checkout_idempotency_key_key; Type: CONSTRAINT; Schema: public; Owner: -
--

ALTER TABLE ONLY public.order_order
    ADD CONSTRAINT order_order_checkout_idempotency_key_key UNIQUE (checkout_idempotency_key);


--
-- Name: order_order order_order_pkey; Type: CONSTRAINT; Schema: public; Owner: -
--

ALTER TABLE ONLY public.order_order
    ADD CONSTRAINT order_order_pkey PRIMARY KEY (id);


--
-- Name: order_order order_order_stripe_payment_intent_id_key; Type: CONSTRAINT; Schema: public; Owner: -
--

ALTER TABLE ONLY public.order_order
    ADD CONSTRAINT order_order_stripe_payment_intent_id_key UNIQUE (stripe_payment_intent_id);


--
-- Name: order_orderitem order_orderitem_pkey; Type: CONSTRAINT; Schema: public; Owner: -
--

ALTER TABLE ONLY public.order_orderitem
    ADD CONSTRAINT order_orderitem_pkey PRIMARY KEY (id);


--
-- Name: order_orderitemcustomization order_orderitemcustomization_pkey; Type: CONSTRAINT; Schema: public; Owner: -
--

ALTER TABLE ONLY public.order_orderitemcustomization
    ADD CONSTRAINT order_orderitemcustomization_pkey PRIMARY KEY (id);


--
-- Name: order_stripeevent order_stripeevent_event_id_key; Type: CONSTRAINT; Schema: public; Owner: -
--

ALTER TABLE ONLY public.order_stripeevent
    ADD CONSTRAINT order_stripeevent_event_id_key UNIQUE (event_id);


--
-- Name: order_stripeevent order_stripeevent_pkey; Type: CONSTRAINT; Schema: public; Owner: -
--

ALTER TABLE ONLY public.order_stripeevent
    ADD CONSTRAINT order_stripeevent_pkey PRIMARY KEY (id);


--
-- Name: order_customizationgroup unique_customization_group_name_per_item; Type: CONSTRAINT; Schema: public; Owner: -
--

ALTER TABLE ONLY public.order_customizationgroup
    ADD CONSTRAINT unique_customization_group_name_per_item UNIQUE (menu_item_id, name);


--
-- Name: order_customizationoption unique_customization_option_name_per_group; Type: CONSTRAINT; Schema: public; Owner: -
--

ALTER TABLE ONLY public.order_customizationoption
    ADD CONSTRAINT unique_customization_option_name_per_group UNIQUE (group_id, name);


--
-- Name: order_notification unique_notification_per_order_kind; Type: CONSTRAINT; Schema: public; Owner: -
--

ALTER TABLE ONLY public.order_notification
    ADD CONSTRAINT unique_notification_per_order_kind UNIQUE (order_id, kind);


--
-- Name: auth_group_name_a6ea08ec_like; Type: INDEX; Schema: public; Owner: -
--

CREATE INDEX auth_group_name_a6ea08ec_like ON public.auth_group USING btree (name varchar_pattern_ops);


--
-- Name: auth_group_permissions_group_id_b120cbf9; Type: INDEX; Schema: public; Owner: -
--

CREATE INDEX auth_group_permissions_group_id_b120cbf9 ON public.auth_group_permissions USING btree (group_id);


--
-- Name: auth_group_permissions_permission_id_84c5c92e; Type: INDEX; Schema: public; Owner: -
--

CREATE INDEX auth_group_permissions_permission_id_84c5c92e ON public.auth_group_permissions USING btree (permission_id);


--
-- Name: auth_permission_content_type_id_2f476e4b; Type: INDEX; Schema: public; Owner: -
--

CREATE INDEX auth_permission_content_type_id_2f476e4b ON public.auth_permission USING btree (content_type_id);


--
-- Name: auth_user_groups_group_id_97559544; Type: INDEX; Schema: public; Owner: -
--

CREATE INDEX auth_user_groups_group_id_97559544 ON public.auth_user_groups USING btree (group_id);


--
-- Name: auth_user_groups_user_id_6a12ed8b; Type: INDEX; Schema: public; Owner: -
--

CREATE INDEX auth_user_groups_user_id_6a12ed8b ON public.auth_user_groups USING btree (user_id);


--
-- Name: auth_user_user_permissions_permission_id_1fbb5f2c; Type: INDEX; Schema: public; Owner: -
--

CREATE INDEX auth_user_user_permissions_permission_id_1fbb5f2c ON public.auth_user_user_permissions USING btree (permission_id);


--
-- Name: auth_user_user_permissions_user_id_a95ead1b; Type: INDEX; Schema: public; Owner: -
--

CREATE INDEX auth_user_user_permissions_user_id_a95ead1b ON public.auth_user_user_permissions USING btree (user_id);


--
-- Name: auth_user_username_6821ab7c_like; Type: INDEX; Schema: public; Owner: -
--

CREATE INDEX auth_user_username_6821ab7c_like ON public.auth_user USING btree (username varchar_pattern_ops);


--
-- Name: django_admin_log_content_type_id_c4bce8eb; Type: INDEX; Schema: public; Owner: -
--

CREATE INDEX django_admin_log_content_type_id_c4bce8eb ON public.django_admin_log USING btree (content_type_id);


--
-- Name: django_admin_log_user_id_c564eba6; Type: INDEX; Schema: public; Owner: -
--

CREATE INDEX django_admin_log_user_id_c564eba6 ON public.django_admin_log USING btree (user_id);


--
-- Name: django_session_expire_date_a5c62663; Type: INDEX; Schema: public; Owner: -
--

CREATE INDEX django_session_expire_date_a5c62663 ON public.django_session USING btree (expire_date);


--
-- Name: django_session_session_key_c0390e0f_like; Type: INDEX; Schema: public; Owner: -
--

CREATE INDEX django_session_session_key_c0390e0f_like ON public.django_session USING btree (session_key varchar_pattern_ops);


--
-- Name: order_customizationgroup_menu_item_id_166ea1fd; Type: INDEX; Schema: public; Owner: -
--

CREATE INDEX order_customizationgroup_menu_item_id_166ea1fd ON public.order_customizationgroup USING btree (menu_item_id);


--
-- Name: order_customizationoption_group_id_3bdd071f; Type: INDEX; Schema: public; Owner: -
--

CREATE INDEX order_customizationoption_group_id_3bdd071f ON public.order_customizationoption USING btree (group_id);


--
-- Name: order_location_name_8fca62c6_like; Type: INDEX; Schema: public; Owner: -
--

CREATE INDEX order_location_name_8fca62c6_like ON public.order_location USING btree (name varchar_pattern_ops);


--
-- Name: order_menuitem_slug_ef0f2e71_like; Type: INDEX; Schema: public; Owner: -
--

CREATE INDEX order_menuitem_slug_ef0f2e71_like ON public.order_menuitem USING btree (slug varchar_pattern_ops);


--
-- Name: order_notification_order_id_b43f8f56; Type: INDEX; Schema: public; Owner: -
--

CREATE INDEX order_notification_order_id_b43f8f56 ON public.order_notification USING btree (order_id);


--
-- Name: order_order_checkout_idempotency_key_89903b35_like; Type: INDEX; Schema: public; Owner: -
--

CREATE INDEX order_order_checkout_idempotency_key_89903b35_like ON public.order_order USING btree (checkout_idempotency_key varchar_pattern_ops);


--
-- Name: order_order_locatio_402576_idx; Type: INDEX; Schema: public; Owner: -
--

CREATE INDEX order_order_locatio_402576_idx ON public.order_order USING btree (location_id, fulfillment_status);


--
-- Name: order_order_location_id_b139a0da; Type: INDEX; Schema: public; Owner: -
--

CREATE INDEX order_order_location_id_b139a0da ON public.order_order USING btree (location_id);


--
-- Name: order_order_payment_418c8d_idx; Type: INDEX; Schema: public; Owner: -
--

CREATE INDEX order_order_payment_418c8d_idx ON public.order_order USING btree (payment_status, fulfillment_status, created_at DESC);


--
-- Name: order_order_stripe_payment_intent_id_e6f316f4_like; Type: INDEX; Schema: public; Owner: -
--

CREATE INDEX order_order_stripe_payment_intent_id_e6f316f4_like ON public.order_order USING btree (stripe_payment_intent_id varchar_pattern_ops);


--
-- Name: order_orderitem_menu_item_id_e92c9276; Type: INDEX; Schema: public; Owner: -
--

CREATE INDEX order_orderitem_menu_item_id_e92c9276 ON public.order_orderitem USING btree (menu_item_id);


--
-- Name: order_orderitem_order_id_aba34f44; Type: INDEX; Schema: public; Owner: -
--

CREATE INDEX order_orderitem_order_id_aba34f44 ON public.order_orderitem USING btree (order_id);


--
-- Name: order_orderitemcustomization_option_id_f39f184e; Type: INDEX; Schema: public; Owner: -
--

CREATE INDEX order_orderitemcustomization_option_id_f39f184e ON public.order_orderitemcustomization USING btree (option_id);


--
-- Name: order_orderitemcustomization_order_item_id_ee20714e; Type: INDEX; Schema: public; Owner: -
--

CREATE INDEX order_orderitemcustomization_order_item_id_ee20714e ON public.order_orderitemcustomization USING btree (order_item_id);


--
-- Name: order_stripeevent_event_id_2725e59c_like; Type: INDEX; Schema: public; Owner: -
--

CREATE INDEX order_stripeevent_event_id_2725e59c_like ON public.order_stripeevent USING btree (event_id varchar_pattern_ops);


--
-- Name: unique_selected_option_per_order_item; Type: INDEX; Schema: public; Owner: -
--

CREATE UNIQUE INDEX unique_selected_option_per_order_item ON public.order_orderitemcustomization USING btree (order_item_id, option_id) WHERE (option_id IS NOT NULL);


--
-- Name: auth_group_permissions auth_group_permissio_permission_id_84c5c92e_fk_auth_perm; Type: FK CONSTRAINT; Schema: public; Owner: -
--

ALTER TABLE ONLY public.auth_group_permissions
    ADD CONSTRAINT auth_group_permissio_permission_id_84c5c92e_fk_auth_perm FOREIGN KEY (permission_id) REFERENCES public.auth_permission(id) DEFERRABLE INITIALLY DEFERRED;


--
-- Name: auth_group_permissions auth_group_permissions_group_id_b120cbf9_fk_auth_group_id; Type: FK CONSTRAINT; Schema: public; Owner: -
--

ALTER TABLE ONLY public.auth_group_permissions
    ADD CONSTRAINT auth_group_permissions_group_id_b120cbf9_fk_auth_group_id FOREIGN KEY (group_id) REFERENCES public.auth_group(id) DEFERRABLE INITIALLY DEFERRED;


--
-- Name: auth_permission auth_permission_content_type_id_2f476e4b_fk_django_co; Type: FK CONSTRAINT; Schema: public; Owner: -
--

ALTER TABLE ONLY public.auth_permission
    ADD CONSTRAINT auth_permission_content_type_id_2f476e4b_fk_django_co FOREIGN KEY (content_type_id) REFERENCES public.django_content_type(id) DEFERRABLE INITIALLY DEFERRED;


--
-- Name: auth_user_groups auth_user_groups_group_id_97559544_fk_auth_group_id; Type: FK CONSTRAINT; Schema: public; Owner: -
--

ALTER TABLE ONLY public.auth_user_groups
    ADD CONSTRAINT auth_user_groups_group_id_97559544_fk_auth_group_id FOREIGN KEY (group_id) REFERENCES public.auth_group(id) DEFERRABLE INITIALLY DEFERRED;


--
-- Name: auth_user_groups auth_user_groups_user_id_6a12ed8b_fk_auth_user_id; Type: FK CONSTRAINT; Schema: public; Owner: -
--

ALTER TABLE ONLY public.auth_user_groups
    ADD CONSTRAINT auth_user_groups_user_id_6a12ed8b_fk_auth_user_id FOREIGN KEY (user_id) REFERENCES public.auth_user(id) DEFERRABLE INITIALLY DEFERRED;


--
-- Name: auth_user_user_permissions auth_user_user_permi_permission_id_1fbb5f2c_fk_auth_perm; Type: FK CONSTRAINT; Schema: public; Owner: -
--

ALTER TABLE ONLY public.auth_user_user_permissions
    ADD CONSTRAINT auth_user_user_permi_permission_id_1fbb5f2c_fk_auth_perm FOREIGN KEY (permission_id) REFERENCES public.auth_permission(id) DEFERRABLE INITIALLY DEFERRED;


--
-- Name: auth_user_user_permissions auth_user_user_permissions_user_id_a95ead1b_fk_auth_user_id; Type: FK CONSTRAINT; Schema: public; Owner: -
--

ALTER TABLE ONLY public.auth_user_user_permissions
    ADD CONSTRAINT auth_user_user_permissions_user_id_a95ead1b_fk_auth_user_id FOREIGN KEY (user_id) REFERENCES public.auth_user(id) DEFERRABLE INITIALLY DEFERRED;


--
-- Name: django_admin_log django_admin_log_content_type_id_c4bce8eb_fk_django_co; Type: FK CONSTRAINT; Schema: public; Owner: -
--

ALTER TABLE ONLY public.django_admin_log
    ADD CONSTRAINT django_admin_log_content_type_id_c4bce8eb_fk_django_co FOREIGN KEY (content_type_id) REFERENCES public.django_content_type(id) DEFERRABLE INITIALLY DEFERRED;


--
-- Name: django_admin_log django_admin_log_user_id_c564eba6_fk_auth_user_id; Type: FK CONSTRAINT; Schema: public; Owner: -
--

ALTER TABLE ONLY public.django_admin_log
    ADD CONSTRAINT django_admin_log_user_id_c564eba6_fk_auth_user_id FOREIGN KEY (user_id) REFERENCES public.auth_user(id) DEFERRABLE INITIALLY DEFERRED;


--
-- Name: order_customizationgroup order_customizationg_menu_item_id_166ea1fd_fk_order_men; Type: FK CONSTRAINT; Schema: public; Owner: -
--

ALTER TABLE ONLY public.order_customizationgroup
    ADD CONSTRAINT order_customizationg_menu_item_id_166ea1fd_fk_order_men FOREIGN KEY (menu_item_id) REFERENCES public.order_menuitem(id) DEFERRABLE INITIALLY DEFERRED;


--
-- Name: order_customizationoption order_customizationo_group_id_3bdd071f_fk_order_cus; Type: FK CONSTRAINT; Schema: public; Owner: -
--

ALTER TABLE ONLY public.order_customizationoption
    ADD CONSTRAINT order_customizationo_group_id_3bdd071f_fk_order_cus FOREIGN KEY (group_id) REFERENCES public.order_customizationgroup(id) DEFERRABLE INITIALLY DEFERRED;


--
-- Name: order_notification order_notification_order_id_b43f8f56_fk_order_order_id; Type: FK CONSTRAINT; Schema: public; Owner: -
--

ALTER TABLE ONLY public.order_notification
    ADD CONSTRAINT order_notification_order_id_b43f8f56_fk_order_order_id FOREIGN KEY (order_id) REFERENCES public.order_order(id) DEFERRABLE INITIALLY DEFERRED;


--
-- Name: order_order order_order_location_id_b139a0da_fk_order_location_id; Type: FK CONSTRAINT; Schema: public; Owner: -
--

ALTER TABLE ONLY public.order_order
    ADD CONSTRAINT order_order_location_id_b139a0da_fk_order_location_id FOREIGN KEY (location_id) REFERENCES public.order_location(id) DEFERRABLE INITIALLY DEFERRED;


--
-- Name: order_orderitem order_orderitem_menu_item_id_e92c9276_fk_order_menuitem_id; Type: FK CONSTRAINT; Schema: public; Owner: -
--

ALTER TABLE ONLY public.order_orderitem
    ADD CONSTRAINT order_orderitem_menu_item_id_e92c9276_fk_order_menuitem_id FOREIGN KEY (menu_item_id) REFERENCES public.order_menuitem(id) DEFERRABLE INITIALLY DEFERRED;


--
-- Name: order_orderitem order_orderitem_order_id_aba34f44_fk_order_order_id; Type: FK CONSTRAINT; Schema: public; Owner: -
--

ALTER TABLE ONLY public.order_orderitem
    ADD CONSTRAINT order_orderitem_order_id_aba34f44_fk_order_order_id FOREIGN KEY (order_id) REFERENCES public.order_order(id) DEFERRABLE INITIALLY DEFERRED;


--
-- Name: order_orderitemcustomization order_orderitemcusto_option_id_f39f184e_fk_order_cus; Type: FK CONSTRAINT; Schema: public; Owner: -
--

ALTER TABLE ONLY public.order_orderitemcustomization
    ADD CONSTRAINT order_orderitemcusto_option_id_f39f184e_fk_order_cus FOREIGN KEY (option_id) REFERENCES public.order_customizationoption(id) DEFERRABLE INITIALLY DEFERRED;


--
-- Name: order_orderitemcustomization order_orderitemcusto_order_item_id_ee20714e_fk_order_ord; Type: FK CONSTRAINT; Schema: public; Owner: -
--

ALTER TABLE ONLY public.order_orderitemcustomization
    ADD CONSTRAINT order_orderitemcusto_order_item_id_ee20714e_fk_order_ord FOREIGN KEY (order_item_id) REFERENCES public.order_orderitem(id) DEFERRABLE INITIALLY DEFERRED;


--
-- PostgreSQL database dump complete
--

\unrestrict dcYQUNSoHvJ6Z3iTXxgRFwm8rhTwyTMe1QhhnSG3q7hwdW3Xbfohe5YmOQOFDcZ

